DATE_TIME,PLANT_ID,SOURCE_KEY,DC_POWER,AC_POWER,DAILY_YIELD,TOTAL_YIELD
2020-05-15 06:30:00,4135001,zVJPv84UY57bAof,614.875,59.55,13.0,7116164.0
2020-05-15 06:30:00,4135001,zBIq5rxdHJRwDNY,681.25,66.0125,14.375,6339394.375
2020-05-15 06:30:00,4135001,z9Y9gH1T5YWrNuG,688.875,66.775,15.25,7007881.25
2020-05-15 06:30:00,4135001,wCURE6d3bPkepu2,682.25,66.1125,15.25,6782613.25
2020-05-15 06:30:00,4135001,uHbuxQJl8lW7ozc,696.125,67.475,15.25,7038696.25
2020-05-15 06:30:00,4135001,sjndEbLyjtCKgGv,683.25,66.2125,14.75,7016846.75
2020-05-15 06:30:00,4135001,rGa61gmuvPhdLxV,702.875,68.1375,14.875,7111507.875
2020-05-15 06:30:00,4135001,ih0vzX44oOqAx2f,680.5,65.95,15.25,6185198.0
2020-05-15 06:30:00,4135001,iCRJl6heRkivqQ3,677.0,65.5875,14.5,7178006.5
2020-05-15 06:30:00,4135001,bvBOhCH3iADSZry,627.4285714,60.77142857,13.85714286,6316816.857
2020-05-15 06:30:00,4135001,pkci93gMrogZuBj,687.0,66.575,14.25,7169116.25
2020-05-15 06:30:00,4135001,ZoEaEvLYb1n2sOq,674.3333333,65.35,14.33333333,7098113.333
2020-05-15 06:30:00,4135001,adLQvlD726eNBSB,719.25,69.7375,15.5,6271370.5
2020-05-15 06:30:00,4135001,1IF53ai7Xc0U56Y,713.5,69.2,15.5,6183660.5
2020-05-15 06:30:00,4135001,3PZuoBAID5Wc2HD,720.0,69.8,15.14285714,6987774.143
2020-05-15 06:30:00,4135001,7JYdWkrLSPkdwr4,704.2857143,68.24285714,15.0,7602975.0
2020-05-15 06:30:00,4135001,McdE0feGgRqW7Ca,692.75,67.1375,15.375,7158979.375
2020-05-15 06:30:00,4135001,1BY6WEcLGh8j5v7,626.5714286,60.68571429,13.28571429,6259572.286
2020-05-15 06:30:00,4135001,WRmjgnKYAwPKWDb,712.1428571,69.02857143,15.14285714,7028688.143
2020-05-15 06:30:00,4135001,YxYtjZvoooNbGkE,873.0,84.8,22.0,7179988.0
2020-05-15 06:30:00,4135001,ZnxXDlPa8U1GXgE,697.75,67.625,15.5,6522187.5
2020-05-15 06:30:00,4135001,VHMLBKoKgIrUVDU,716.1428571,69.42857143,7.142857143,7206415.143
2020-05-15 06:45:00,4135001,iCRJl6heRkivqQ3,1271.428571,123.8285714,36.42857143,7178028.429
2020-05-15 06:45:00,4135001,zVJPv84UY57bAof,1166.857143,113.4571429,33.85714286,7116184.857
2020-05-15 06:45:00,4135001,zBIq5rxdHJRwDNY,1264.714286,123.1571429,36.57142857,6339416.571
2020-05-15 06:45:00,4135001,z9Y9gH1T5YWrNuG,1332.857143,130.0142857,38.0,7007904.0
2020-05-15 06:45:00,4135001,wCURE6d3bPkepu2,1317.714286,128.5142857,37.71428571,6782635.714
2020-05-15 06:45:00,4135001,uHbuxQJl8lW7ozc,1289.285714,125.6857143,37.71428571,7038718.714
2020-05-15 06:45:00,4135001,sjndEbLyjtCKgGv,1296.714286,126.3714286,37.42857143,7016869.429
2020-05-15 06:45:00,4135001,rGa61gmuvPhdLxV,1293.571429,126.0857143,38.14285714,7111531.143
2020-05-15 06:45:00,4135001,pkci93gMrogZuBj,1264.142857,123.1142857,37.14285714,7169139.143
2020-05-15 06:45:00,4135001,ih0vzX44oOqAx2f,1400.0,136.6,40.66666667,6185222.2
2020-05-15 06:45:00,4135001,bvBOhCH3iADSZry,1210.0,117.8125,34.75,6316837.75
2020-05-15 06:45:00,4135001,7JYdWkrLSPkdwr4,1338.125,130.4875,39.0,7602999.0
2020-05-15 06:45:00,4135001,ZoEaEvLYb1n2sOq,1290.0,125.75,37.0,7098136.0
2020-05-15 06:45:00,4135001,ZnxXDlPa8U1GXgE,1380.571429,134.6428571,40.0,6522212.0
2020-05-15 06:45:00,4135001,YxYtjZvoooNbGkE,1292.125,125.9625,37.25,7180003.25
2020-05-15 06:45:00,4135001,WRmjgnKYAwPKWDb,1298.857143,126.6714286,36.85714286,7028709.857
2020-05-15 06:45:00,4135001,VHMLBKoKgIrUVDU,1373.875,134.075,32.25,7206440.25
2020-05-15 06:45:00,4135001,McdE0feGgRqW7Ca,1331.857143,129.8857143,38.71428571,7159002.714
2020-05-15 06:45:00,4135001,3PZuoBAID5Wc2HD,1306.714286,127.4142857,37.0,6987796.0
2020-05-15 06:45:00,4135001,1IF53ai7Xc0U56Y,1334.285714,130.1428571,39.14285714,6183684.143
2020-05-15 06:45:00,4135001,1BY6WEcLGh8j5v7,1224.75,119.275,34.875,6259593.875
2020-05-15 06:45:00,4135001,adLQvlD726eNBSB,1348.142857,131.5,39.0,6271394.0
2020-05-15 07:00:00,4135001,ih0vzX44oOqAx2f,1881.2,184.38,81.0,6185262.429
2020-05-15 07:00:00,4135001,sjndEbLyjtCKgGv,1877.125,184.0125,78.125,7016910.125
2020-05-15 07:00:00,4135001,rGa61gmuvPhdLxV,1865.375,182.8375,78.5,7111571.5
2020-05-15 07:00:00,4135001,uHbuxQJl8lW7ozc,1895.75,185.8125,78.625,7038759.625
2020-05-15 07:00:00,4135001,pkci93gMrogZuBj,1861.625,182.475,77.875,7169179.875
2020-05-15 07:00:00,4135001,z9Y9gH1T5YWrNuG,1897.125,185.9625,80.25,7007946.25
2020-05-15 07:00:00,4135001,zBIq5rxdHJRwDNY,1877.875,184.075,76.875,6339456.875
2020-05-15 07:00:00,4135001,zVJPv84UY57bAof,1661.5,162.675,70.0,7116221.0
2020-05-15 07:00:00,4135001,iCRJl6heRkivqQ3,1875.25,183.8375,77.0,7178069.0
2020-05-15 07:00:00,4135001,wCURE6d3bPkepu2,1873.375,183.625,79.0,6782677.0
2020-05-15 07:00:00,4135001,bvBOhCH3iADSZry,1739.571429,170.5,72.57142857,6316875.571
2020-05-15 07:00:00,4135001,adLQvlD726eNBSB,2009.625,197.0,82.375,6271437.375
2020-05-15 07:00:00,4135001,ZoEaEvLYb1n2sOq,1870.857143,183.3857143,78.0,7098177.0
2020-05-15 07:00:00,4135001,1IF53ai7Xc0U56Y,1990.375,195.1,82.375,6183727.375
2020-05-15 07:00:00,4135001,3PZuoBAID5Wc2HD,1963.375,192.45,79.5,6987838.5
2020-05-15 07:00:00,4135001,7JYdWkrLSPkdwr4,1904.428571,186.7,80.0,7603040.0
2020-05-15 07:00:00,4135001,McdE0feGgRqW7Ca,1920.25,188.25,80.25,7159044.25
2020-05-15 07:00:00,4135001,1BY6WEcLGh8j5v7,1734.571429,170.0142857,72.71428571,6259631.714
2020-05-15 07:00:00,4135001,WRmjgnKYAwPKWDb,1937.375,189.9125,79.0,7028752.0
2020-05-15 07:00:00,4135001,YxYtjZvoooNbGkE,1862.571429,182.5857143,77.57142857,7180043.571
2020-05-15 07:00:00,4135001,ZnxXDlPa8U1GXgE,1904.571429,186.7,81.0,6522253.0
2020-05-15 07:00:00,4135001,VHMLBKoKgIrUVDU,1942.142857,190.3714286,75.14285714,7206483.143
2020-05-15 07:15:00,4135001,iCRJl6heRkivqQ3,2036.428571,199.6285714,124.4285714,7178116.429
2020-05-15 07:15:00,4135001,zVJPv84UY57bAof,1814.857143,177.8857143,112.7142857,7116263.714
2020-05-15 07:15:00,4135001,zBIq5rxdHJRwDNY,2015.285714,197.5571429,125.5714286,6339505.571
2020-05-15 07:15:00,4135001,z9Y9gH1T5YWrNuG,2072.857143,203.2285714,129.0,7007995.0
2020-05-15 07:15:00,4135001,uHbuxQJl8lW7ozc,2062.0,202.1714286,126.8571429,7038807.857
2020-05-15 07:15:00,4135001,sjndEbLyjtCKgGv,2046.428571,200.6142857,125.8571429,7016957.857
2020-05-15 07:15:00,4135001,rGa61gmuvPhdLxV,2012.428571,197.2571429,126.1428571,7111619.143
2020-05-15 07:15:00,4135001,pkci93gMrogZuBj,2004.428571,196.5142857,125.0,7169227.0
2020-05-15 07:15:00,4135001,ih0vzX44oOqAx2f,2034.833333,199.4833333,121.3333333,6185316.2
2020-05-15 07:15:00,4135001,bvBOhCH3iADSZry,1873.5,183.65,116.25,6316919.25
2020-05-15 07:15:00,4135001,wCURE6d3bPkepu2,2045.857143,200.5571429,127.0,6782725.0
2020-05-15 07:15:00,4135001,ZoEaEvLYb1n2sOq,1995.5,195.6125,125.75,7098224.75
2020-05-15 07:15:00,4135001,adLQvlD726eNBSB,2143.714286,210.1714286,134.1428571,6271489.143
2020-05-15 07:15:00,4135001,1IF53ai7Xc0U56Y,2114.285714,207.2714286,131.7142857,6183776.714
2020-05-15 07:15:00,4135001,3PZuoBAID5Wc2HD,2090.285714,204.9285714,129.7142857,6987888.714
2020-05-15 07:15:00,4135001,7JYdWkrLSPkdwr4,2035.428571,199.5285714,124.7142857,7603084.714
2020-05-15 07:15:00,4135001,1BY6WEcLGh8j5v7,1856.375,181.9375,116.25,6259675.25
2020-05-15 07:15:00,4135001,VHMLBKoKgIrUVDU,2088.714286,204.7428571,120.2857143,7206528.286
2020-05-15 07:15:00,4135001,WRmjgnKYAwPKWDb,2024.285714,198.4714286,126.7142857,7028799.714
2020-05-15 07:15:00,4135001,YxYtjZvoooNbGkE,2022.0,198.225,125.25,7180091.25
2020-05-15 07:15:00,4135001,ZnxXDlPa8U1GXgE,2076.285714,203.5571429,127.8571429,6522299.857
2020-05-15 07:15:00,4135001,McdE0feGgRqW7Ca,2098.428571,205.7285714,129.4285714,7159093.429
2020-05-15 07:30:00,4135001,zVJPv84UY57bAof,1740.125,170.5375,157.0,7116308.0
2020-05-15 07:30:00,4135001,iCRJl6heRkivqQ3,1974.0,193.5125,174.375,7178166.375
2020-05-15 07:30:00,4135001,zBIq5rxdHJRwDNY,1967.125,192.825,175.25,6339555.25
2020-05-15 07:30:00,4135001,z9Y9gH1T5YWrNuG,2025.857143,198.6,176.7142857,7008042.714
2020-05-15 07:30:00,4135001,wCURE6d3bPkepu2,1987.714286,194.8571429,174.8571429,6782772.857
2020-05-15 07:30:00,4135001,uHbuxQJl8lW7ozc,1998.75,195.925,177.625,7038858.625
2020-05-15 07:30:00,4135001,sjndEbLyjtCKgGv,1969.25,193.0375,175.875,7017007.875
2020-05-15 07:30:00,4135001,rGa61gmuvPhdLxV,1951.0,191.2625,176.75,7111669.75
2020-05-15 07:30:00,4135001,pkci93gMrogZuBj,1958.25,191.9375,174.5,7169276.5
2020-05-15 07:30:00,4135001,ih0vzX44oOqAx2f,1974.666667,193.5833333,173.5,6185357.571
2020-05-15 07:30:00,4135001,bvBOhCH3iADSZry,1865.142857,182.8,162.8571429,6316965.857
2020-05-15 07:30:00,4135001,YxYtjZvoooNbGkE,1970.285714,193.1285714,175.0,7180141.0
2020-05-15 07:30:00,4135001,ZoEaEvLYb1n2sOq,1952.428571,191.4142857,174.8571429,7098273.857
2020-05-15 07:30:00,4135001,ZnxXDlPa8U1GXgE,2036.285714,199.6285714,178.2857143,6522350.286
2020-05-15 07:30:00,4135001,WRmjgnKYAwPKWDb,2052.5,201.2,177.625,7028850.625
2020-05-15 07:30:00,4135001,VHMLBKoKgIrUVDU,2069.125,202.85,172.375,7206580.375
2020-05-15 07:30:00,4135001,McdE0feGgRqW7Ca,2023.375,198.3625,181.125,7159145.125
2020-05-15 07:30:00,4135001,7JYdWkrLSPkdwr4,2002.0,196.275,175.375,7603135.375
2020-05-15 07:30:00,4135001,3PZuoBAID5Wc2HD,2071.25,203.05,181.875,6987940.875
2020-05-15 07:30:00,4135001,1IF53ai7Xc0U56Y,2078.0,203.7125,184.625,6183829.625
2020-05-15 07:30:00,4135001,1BY6WEcLGh8j5v7,1842.285714,180.5857143,162.4285714,6259721.429
2020-05-15 07:30:00,4135001,adLQvlD726eNBSB,2109.875,206.85,187.5,6271542.5
2020-05-15 07:45:00,4135001,sjndEbLyjtCKgGv,2050.571429,201.0285714,224.0,7017056.0
2020-05-15 07:45:00,4135001,pkci93gMrogZuBj,1897.142857,185.9714286,219.4285714,7169321.429
2020-05-15 07:45:00,4135001,rGa61gmuvPhdLxV,1961.428571,192.2714286,222.2857143,7111715.286
2020-05-15 07:45:00,4135001,uHbuxQJl8lW7ozc,1902.857143,186.5428571,225.0,7038906.0
2020-05-15 07:45:00,4135001,ih0vzX44oOqAx2f,2026.857143,198.7285714,219.5714286,6185406.0
2020-05-15 07:45:00,4135001,z9Y9gH1T5YWrNuG,2060.125,201.9375,224.75,7008090.75
2020-05-15 07:45:00,4135001,zBIq5rxdHJRwDNY,1993.714286,195.4428571,221.8571429,6339601.857
2020-05-15 07:45:00,4135001,zVJPv84UY57bAof,1783.142857,174.6428571,197.7142857,7116348.714
2020-05-15 07:45:00,4135001,iCRJl6heRkivqQ3,2000.142857,196.0857143,222.7142857,7178214.714
2020-05-15 07:45:00,4135001,wCURE6d3bPkepu2,2043.5,200.325,222.5,6782820.5
2020-05-15 07:45:00,4135001,bvBOhCH3iADSZry,1890.125,185.3,207.625,6317010.625
2020-05-15 07:45:00,4135001,adLQvlD726eNBSB,2176.857143,213.4285714,237.7142857,6271592.714
2020-05-15 07:45:00,4135001,ZoEaEvLYb1n2sOq,2016.75,197.6875,221.625,7098320.625
2020-05-15 07:45:00,4135001,1IF53ai7Xc0U56Y,2142.714286,210.0714286,233.7142857,6183878.714
2020-05-15 07:45:00,4135001,3PZuoBAID5Wc2HD,2122.857143,208.1142857,231.2857143,6987990.286
2020-05-15 07:45:00,4135001,7JYdWkrLSPkdwr4,2048.142857,200.7857143,223.8571429,7603183.857
2020-05-15 07:45:00,4135001,McdE0feGgRqW7Ca,2121.0,207.9571429,229.5714286,7159193.571
2020-05-15 07:45:00,4135001,1BY6WEcLGh8j5v7,1877.875,184.0625,206.375,6259765.375
2020-05-15 07:45:00,4135001,WRmjgnKYAwPKWDb,2072.0,203.1142857,227.1428571,7028900.143
2020-05-15 07:45:00,4135001,YxYtjZvoooNbGkE,2041.375,200.125,223.125,7180189.125
2020-05-15 07:45:00,4135001,ZnxXDlPa8U1GXgE,2067.285714,202.6428571,224.7142857,6522396.714
2020-05-15 07:45:00,4135001,VHMLBKoKgIrUVDU,2099.428571,205.8285714,221.8571429,7206629.857
2020-05-15 08:00:00,4135001,ih0vzX44oOqAx2f,3172.142857,311.5142857,285.2857143,6185465.0
2020-05-15 08:00:00,4135001,zVJPv84UY57bAof,2621.0,257.2571429,245.5714286,7116396.571
2020-05-15 08:00:00,4135001,zBIq5rxdHJRwDNY,2844.625,279.2625,279.125,6339659.125
2020-05-15 08:00:00,4135001,z9Y9gH1T5YWrNuG,3180.142857,312.3,284.7142857,7008150.714
2020-05-15 08:00:00,4135001,wCURE6d3bPkepu2,3142.857143,308.6428571,281.2857143,6782879.286
2020-05-15 08:00:00,4135001,uHbuxQJl8lW7ozc,3193.0,313.5375,284.0,7038965.0
2020-05-15 08:00:00,4135001,sjndEbLyjtCKgGv,2996.875,294.3125,284.0,7017116.0
2020-05-15 08:00:00,4135001,rGa61gmuvPhdLxV,2833.714286,278.1857143,275.2857143,7111768.286
2020-05-15 08:00:00,4135001,pkci93gMrogZuBj,2989.375,293.575,276.375,7169378.375
2020-05-15 08:00:00,4135001,iCRJl6heRkivqQ3,2916.375,286.3,280.875,7178272.875
2020-05-15 08:00:00,4135001,bvBOhCH3iADSZry,2921.571429,286.8142857,262.5714286,6317065.571
2020-05-15 08:00:00,4135001,1BY6WEcLGh8j5v7,3246.0,318.6714286,263.5714286,6259822.571
2020-05-15 08:00:00,4135001,ZoEaEvLYb1n2sOq,2785.285714,273.4428571,277.7142857,7098376.714
2020-05-15 08:00:00,4135001,ZnxXDlPa8U1GXgE,3132.625,307.5875,287.125,6522459.125
2020-05-15 08:00:00,4135001,YxYtjZvoooNbGkE,2891.714286,283.9428571,281.5714286,7180247.571
2020-05-15 08:00:00,4135001,WRmjgnKYAwPKWDb,2779.5,272.8375,284.0,7028957.0
2020-05-15 08:00:00,4135001,VHMLBKoKgIrUVDU,2879.625,282.675,279.125,7206687.125
2020-05-15 08:00:00,4135001,McdE0feGgRqW7Ca,3208.875,315.05,291.0,7159255.0
2020-05-15 08:00:00,4135001,7JYdWkrLSPkdwr4,2741.5,269.15,281.0,7603241.0
2020-05-15 08:00:00,4135001,3PZuoBAID5Wc2HD,2736.125,268.625,287.75,6988046.75
2020-05-15 08:00:00,4135001,1IF53ai7Xc0U56Y,2805.625,275.4625,292.5,6183937.5
2020-05-15 08:00:00,4135001,adLQvlD726eNBSB,2816.25,276.4625,296.375,6271651.375
2020-05-15 08:15:00,4135001,ih0vzX44oOqAx2f,4205.8,413.02,371.6,6185555.143
2020-05-15 08:15:00,4135001,pkci93gMrogZuBj,5152.571429,505.2571429,374.4285714,7169476.429
2020-05-15 08:15:00,4135001,rGa61gmuvPhdLxV,5105.625,500.6625,371.25,7111864.25
2020-05-15 08:15:00,4135001,sjndEbLyjtCKgGv,5169.0,506.8,383.8571429,7017215.857
2020-05-15 08:15:00,4135001,iCRJl6heRkivqQ3,5294.0,518.9857143,379.8571429,7178371.857
2020-05-15 08:15:00,4135001,wCURE6d3bPkepu2,4648.125,456.0125,382.875,6782980.875
2020-05-15 08:15:00,4135001,z9Y9gH1T5YWrNuG,5082.875,498.5375,395.5,7008261.5
2020-05-15 08:15:00,4135001,zBIq5rxdHJRwDNY,4961.285714,486.6285714,372.1428571,6339752.143
2020-05-15 08:15:00,4135001,zVJPv84UY57bAof,4485.5,440.0625,335.125,7116486.125
2020-05-15 08:15:00,4135001,uHbuxQJl8lW7ozc,5404.714286,529.9285714,389.0,7039070.0
2020-05-15 08:15:00,4135001,bvBOhCH3iADSZry,3702.75,363.9125,347.625,6317150.625
2020-05-15 08:15:00,4135001,1BY6WEcLGh8j5v7,3917.5,384.8375,359.875,6259918.875
2020-05-15 08:15:00,4135001,ZoEaEvLYb1n2sOq,4332.875,425.3625,364.375,7098463.375
2020-05-15 08:15:00,4135001,ZnxXDlPa8U1GXgE,4023.428571,395.1857143,380.0,6522552.0
2020-05-15 08:15:00,4135001,YxYtjZvoooNbGkE,4347.25,426.7,370.125,7180336.125
2020-05-15 08:15:00,4135001,WRmjgnKYAwPKWDb,4968.0,487.2428571,384.0,7029057.0
2020-05-15 08:15:00,4135001,VHMLBKoKgIrUVDU,4215.285714,413.8571429,365.8571429,7206773.857
2020-05-15 08:15:00,4135001,McdE0feGgRqW7Ca,5073.0,497.4142857,395.4285714,7159359.429
2020-05-15 08:15:00,4135001,7JYdWkrLSPkdwr4,4146.285714,407.1,364.5714286,7603324.571
2020-05-15 08:15:00,4135001,3PZuoBAID5Wc2HD,4523.714286,443.9571429,376.0,6988135.0
2020-05-15 08:15:00,4135001,1IF53ai7Xc0U56Y,4560.428571,447.5,380.0,6184025.0
2020-05-15 08:15:00,4135001,adLQvlD726eNBSB,4617.142857,453.1,385.7142857,6271740.714
2020-05-15 08:30:00,4135001,ih0vzX44oOqAx2f,4959.333333,486.4333333,472.6666667,6185657.6
2020-05-15 08:30:00,4135001,pkci93gMrogZuBj,5177.625,507.6625,508.5,7169610.5
2020-05-15 08:30:00,4135001,rGa61gmuvPhdLxV,5408.428571,530.2571429,508.8571429,7112001.857
2020-05-15 08:30:00,4135001,sjndEbLyjtCKgGv,5472.5,536.425,520.375,7017352.375
2020-05-15 08:30:00,4135001,zVJPv84UY57bAof,5101.285714,500.3285714,457.2857143,7116608.286
2020-05-15 08:30:00,4135001,wCURE6d3bPkepu2,5436.428571,532.9,504.7142857,6783102.714
2020-05-15 08:30:00,4135001,z9Y9gH1T5YWrNuG,5280.285714,517.8428571,519.4285714,7008385.429
2020-05-15 08:30:00,4135001,zBIq5rxdHJRwDNY,5279.125,517.5875,506.5,6339886.5
2020-05-15 08:30:00,4135001,iCRJl6heRkivqQ3,5338.875,523.4125,517.5,7178509.5
2020-05-15 08:30:00,4135001,uHbuxQJl8lW7ozc,5063.125,496.4625,524.375,7039205.375
2020-05-15 08:30:00,4135001,bvBOhCH3iADSZry,4529.428571,444.4,453.0,6317256.0
2020-05-15 08:30:00,4135001,adLQvlD726eNBSB,4948.375,485.35,512.375,6271867.375
2020-05-15 08:30:00,4135001,ZoEaEvLYb1n2sOq,5234.428571,513.1571429,490.0,7098589.0
2020-05-15 08:30:00,4135001,1IF53ai7Xc0U56Y,4983.625,488.75,509.0,6184154.0
2020-05-15 08:30:00,4135001,3PZuoBAID5Wc2HD,4991.5,489.5875,501.5,6988260.5
2020-05-15 08:30:00,4135001,7JYdWkrLSPkdwr4,4695.0,460.675,481.5,7603441.5
2020-05-15 08:30:00,4135001,McdE0feGgRqW7Ca,5605.625,549.4125,532.75,7159496.75
2020-05-15 08:30:00,4135001,1BY6WEcLGh8j5v7,4322.0,424.1285714,464.0,6260023.0
2020-05-15 08:30:00,4135001,WRmjgnKYAwPKWDb,5060.25,496.25,513.25,7029186.25
2020-05-15 08:30:00,4135001,YxYtjZvoooNbGkE,5405.285714,529.9142857,497.5714286,7180463.571
2020-05-15 08:30:00,4135001,ZnxXDlPa8U1GXgE,5053.285714,495.4285714,490.7142857,6522662.714
2020-05-15 08:30:00,4135001,VHMLBKoKgIrUVDU,4783.75,469.2375,484.125,7206892.125
2020-05-15 08:45:00,4135001,iCRJl6heRkivqQ3,3607.285714,354.4571429,621.5714286,7178613.571
2020-05-15 08:45:00,4135001,zBIq5rxdHJRwDNY,4217.428571,414.0714286,610.8571429,6339990.857
2020-05-15 08:45:00,4135001,z9Y9gH1T5YWrNuG,3504.125,344.2625,623.25,7008489.25
2020-05-15 08:45:00,4135001,wCURE6d3bPkepu2,3475.5,341.5,610.875,6783208.875
2020-05-15 08:45:00,4135001,uHbuxQJl8lW7ozc,3478.142857,341.8857143,625.4285714,7039306.429
2020-05-15 08:45:00,4135001,sjndEbLyjtCKgGv,3493.857143,343.2714286,625.8571429,7017457.857
2020-05-15 08:45:00,4135001,rGa61gmuvPhdLxV,4131.5,405.675,612.25,7112105.25
2020-05-15 08:45:00,4135001,pkci93gMrogZuBj,4021.714286,394.9285714,614.2857143,7169716.286
2020-05-15 08:45:00,4135001,ih0vzX44oOqAx2f,3442.571429,338.2,584.4285714,6185764.5
2020-05-15 08:45:00,4135001,bvBOhCH3iADSZry,4415.625,433.2,547.875,6317350.875
2020-05-15 08:45:00,4135001,zVJPv84UY57bAof,2978.75,292.4375,553.875,7116704.875
2020-05-15 08:45:00,4135001,ZoEaEvLYb1n2sOq,4670.625,458.25,592.5,7098691.5
2020-05-15 08:45:00,4135001,1BY6WEcLGh8j5v7,4257.125,417.7875,556.125,6260115.125
2020-05-15 08:45:00,4135001,1IF53ai7Xc0U56Y,5141.857143,504.3428571,617.7142857,6184262.714
2020-05-15 08:45:00,4135001,3PZuoBAID5Wc2HD,5567.428571,545.7285714,613.2857143,6988372.286
2020-05-15 08:45:00,4135001,7JYdWkrLSPkdwr4,4845.428571,475.3285714,584.0,7603544.0
2020-05-15 08:45:00,4135001,adLQvlD726eNBSB,5279.428571,517.7142857,621.8571429,6271976.857
2020-05-15 08:45:00,4135001,VHMLBKoKgIrUVDU,4865.142857,477.3428571,592.0,7207000.0
2020-05-15 08:45:00,4135001,WRmjgnKYAwPKWDb,5739.714286,562.6428571,627.2857143,7029300.286
2020-05-15 08:45:00,4135001,YxYtjZvoooNbGkE,4101.5,402.7125,600.625,7180566.625
2020-05-15 08:45:00,4135001,ZnxXDlPa8U1GXgE,3797.571429,373.0714286,592.1428571,6522764.143
2020-05-15 08:45:00,4135001,McdE0feGgRqW7Ca,3473.142857,341.2571429,641.4285714,7159605.429
2020-05-15 09:00:00,4135001,bvBOhCH3iADSZry,6829.428571,668.8571429,699.1428571,6317502.143
2020-05-15 09:00:00,4135001,zBIq5rxdHJRwDNY,8404.25,822.45,778.75,6340158.75
2020-05-15 09:00:00,4135001,z9Y9gH1T5YWrNuG,7161.857143,701.2571429,748.4285714,7008614.429
2020-05-15 09:00:00,4135001,wCURE6d3bPkepu2,7251.714286,710.0,732.7142857,6783330.714
2020-05-15 09:00:00,4135001,uHbuxQJl8lW7ozc,6981.875,683.7,750.125,7039431.125
2020-05-15 09:00:00,4135001,sjndEbLyjtCKgGv,7380.571429,722.6,745.1428571,7017577.143
2020-05-15 09:00:00,4135001,rGa61gmuvPhdLxV,8391.0,821.1285714,769.2857143,7112262.286
2020-05-15 09:00:00,4135001,pkci93gMrogZuBj,8200.0,802.55,771.0,7169873.0
2020-05-15 09:00:00,4135001,ih0vzX44oOqAx2f,7889.571429,772.2857143,738.2857143,6185910.286
2020-05-15 09:00:00,4135001,iCRJl6heRkivqQ3,7948.0,777.9375,762.75,7178754.75
2020-05-15 09:00:00,4135001,zVJPv84UY57bAof,5085.857143,498.4714286,653.2857143,7116804.286
2020-05-15 09:00:00,4135001,adLQvlD726eNBSB,8274.875,809.8,809.125,6272164.125
2020-05-15 09:00:00,4135001,ZnxXDlPa8U1GXgE,8110.0,793.775,748.75,6522920.75
2020-05-15 09:00:00,4135001,YxYtjZvoooNbGkE,8235.857143,806.0428571,755.5714286,7180721.571
2020-05-15 09:00:00,4135001,WRmjgnKYAwPKWDb,6262.375,613.55,794.625,7029467.625
2020-05-15 09:00:00,4135001,VHMLBKoKgIrUVDU,7936.25,776.7625,767.0,7207175.0
2020-05-15 09:00:00,4135001,McdE0feGgRqW7Ca,7378.428571,722.3,757.7142857,7159721.714
2020-05-15 09:00:00,4135001,7JYdWkrLSPkdwr4,8048.0,787.6625,759.5,7603719.5
2020-05-15 09:00:00,4135001,3PZuoBAID5Wc2HD,7681.875,752.0375,798.0,6988557.0
2020-05-15 09:00:00,4135001,1IF53ai7Xc0U56Y,8229.25,805.325,804.125,6184449.125
2020-05-15 09:00:00,4135001,1BY6WEcLGh8j5v7,5706.714286,559.2285714,688.8571429,6260247.857
2020-05-15 09:00:00,4135001,ZoEaEvLYb1n2sOq,8211.142857,803.6285714,761.0,7098860.0
2020-05-15 09:15:00,4135001,ih0vzX44oOqAx2f,5475.571429,536.5857143,909.2857143,6186090.4
2020-05-15 09:15:00,4135001,pkci93gMrogZuBj,6005.428571,588.5142857,956.7142857,7170058.714
2020-05-15 09:15:00,4135001,rGa61gmuvPhdLxV,5290.125,518.7625,946.5,7112439.5
2020-05-15 09:15:00,4135001,sjndEbLyjtCKgGv,5795.0,567.8125,925.25,7017757.25
2020-05-15 09:15:00,4135001,iCRJl6heRkivqQ3,5278.857143,517.6,941.0,7178933.0
2020-05-15 09:15:00,4135001,wCURE6d3bPkepu2,5680.0,556.675,909.625,6783507.625
2020-05-15 09:15:00,4135001,z9Y9gH1T5YWrNuG,5932.0,581.2625,921.375,7008787.375
2020-05-15 09:15:00,4135001,zBIq5rxdHJRwDNY,4303.142857,422.4714286,945.1428571,6340325.143
2020-05-15 09:15:00,4135001,uHbuxQJl8lW7ozc,7028.0,688.1857143,934.7142857,7039615.714
2020-05-15 09:15:00,4135001,bvBOhCH3iADSZry,3834.25,376.325,830.5,6317633.5
2020-05-15 09:15:00,4135001,ZoEaEvLYb1n2sOq,4134.857143,406.0571429,906.4285714,7099005.429
2020-05-15 09:15:00,4135001,1BY6WEcLGh8j5v7,4015.5,394.0125,811.625,6260370.625
2020-05-15 09:15:00,4135001,1IF53ai7Xc0U56Y,3541.0,347.9857143,946.5714286,6184591.571
2020-05-15 09:15:00,4135001,3PZuoBAID5Wc2HD,3170.142857,311.3857143,929.2857143,6988688.286
2020-05-15 09:15:00,4135001,7JYdWkrLSPkdwr4,3592.285714,352.8571429,903.2857143,7603863.286
2020-05-15 09:15:00,4135001,adLQvlD726eNBSB,3395.714286,333.6428571,954.7142857,6272309.714
2020-05-15 09:15:00,4135001,VHMLBKoKgIrUVDU,3690.428571,362.4571429,912.0,7207320.0
2020-05-15 09:15:00,4135001,WRmjgnKYAwPKWDb,2986.0,293.2285714,909.7142857,7029582.714
2020-05-15 09:15:00,4135001,YxYtjZvoooNbGkE,4983.714286,488.8714286,917.1428571,7180883.143
2020-05-15 09:15:00,4135001,ZnxXDlPa8U1GXgE,4756.0,466.3142857,919.8571429,6523091.857
2020-05-15 09:15:00,4135001,McdE0feGgRqW7Ca,5938.0,581.825,939.25,7159903.25
2020-05-15 09:30:00,4135001,zBIq5rxdHJRwDNY,3741.875,367.4625,1034.5,6340414.5
2020-05-15 09:30:00,4135001,z9Y9gH1T5YWrNuG,3503.428571,344.2571429,1029.142857,7008895.143
2020-05-15 09:30:00,4135001,wCURE6d3bPkepu2,3443.0,338.0714286,1014.285714,6783612.286
2020-05-15 09:30:00,4135001,uHbuxQJl8lW7ozc,3776.285714,371.1142857,1058.142857,7039739.143
2020-05-15 09:30:00,4135001,sjndEbLyjtCKgGv,3561.571429,349.8714286,1029.285714,7017861.286
2020-05-15 09:30:00,4135001,rGa61gmuvPhdLxV,3719.142857,365.3571429,1048.285714,7112541.286
2020-05-15 09:30:00,4135001,pkci93gMrogZuBj,3706.142857,364.2142857,1061.857143,7170163.857
2020-05-15 09:30:00,4135001,iCRJl6heRkivqQ3,3721.375,365.4625,1040.75,7179032.75
2020-05-15 09:30:00,4135001,bvBOhCH3iADSZry,3299.428571,323.7,903.1428571,6317706.143
2020-05-15 09:30:00,4135001,ih0vzX44oOqAx2f,3395.857143,333.2714286,1001.857143,6186196.75
2020-05-15 09:30:00,4135001,ZoEaEvLYb1n2sOq,3568.625,350.3125,993.25,7099092.25
2020-05-15 09:30:00,4135001,adLQvlD726eNBSB,3996.875,391.9375,1034.5,6272389.5
2020-05-15 09:30:00,4135001,1IF53ai7Xc0U56Y,4325.5,424.1375,1029.125,6184674.125
2020-05-15 09:30:00,4135001,3PZuoBAID5Wc2HD,3819.375,374.6375,1004.375,6988763.375
2020-05-15 09:30:00,4135001,7JYdWkrLSPkdwr4,3608.625,353.975,980.75,7603940.75
2020-05-15 09:30:00,4135001,McdE0feGgRqW7Ca,3564.571429,350.1428571,1044.857143,7160008.857
2020-05-15 09:30:00,4135001,1BY6WEcLGh8j5v7,3219.285714,315.8857143,886.5714286,6260445.571
2020-05-15 09:30:00,4135001,WRmjgnKYAwPKWDb,3864.625,378.975,979.375,7029652.375
2020-05-15 09:30:00,4135001,YxYtjZvoooNbGkE,3504.125,343.95,1008.125,7180974.125
2020-05-15 09:30:00,4135001,ZnxXDlPa8U1GXgE,3475.285714,341.0142857,1005.714286,6523177.714
2020-05-15 09:30:00,4135001,VHMLBKoKgIrUVDU,3707.25,363.65,990.0,7207398.0
2020-05-15 09:45:00,4135001,iCRJl6heRkivqQ3,8049.0,787.5428571,1169.428571,7179161.429
2020-05-15 09:45:00,4135001,zVJPv84UY57bAof,5286.5,517.05,747.5,7116898.5
2020-05-15 09:45:00,4135001,zBIq5rxdHJRwDNY,8163.857143,798.8142857,1166.714286,6340546.714
2020-05-15 09:45:00,4135001,z9Y9gH1T5YWrNuG,7065.5,691.8,1144.875,7009010.875
2020-05-15 09:45:00,4135001,wCURE6d3bPkepu2,7844.0,767.7375,1142.25,6783740.25
2020-05-15 09:45:00,4135001,uHbuxQJl8lW7ozc,6500.0,636.6875,1169.375,7039850.375
2020-05-15 09:45:00,4135001,sjndEbLyjtCKgGv,7483.375,732.5,1154.125,7017986.125
2020-05-15 09:45:00,4135001,rGa61gmuvPhdLxV,7639.5,747.5375,1177.0,7112670.0
2020-05-15 09:45:00,4135001,pkci93gMrogZuBj,7194.75,704.3875,1180.375,7170282.375
2020-05-15 09:45:00,4135001,ih0vzX44oOqAx2f,7024.5,687.85,1126.166667,6186305.571
2020-05-15 09:45:00,4135001,bvBOhCH3iADSZry,6281.0,615.3428571,1006.857143,6317809.857
2020-05-15 09:45:00,4135001,3PZuoBAID5Wc2HD,7804.0,763.2857143,1138.0,6988897.0
2020-05-15 09:45:00,4135001,ZoEaEvLYb1n2sOq,7462.714286,730.2285714,1121.285714,7099220.286
2020-05-15 09:45:00,4135001,adLQvlD726eNBSB,8003.857143,782.8,1170.428571,6272525.429
2020-05-15 09:45:00,4135001,1IF53ai7Xc0U56Y,7680.714286,751.2714286,1166.571429,6184811.571
2020-05-15 09:45:00,4135001,7JYdWkrLSPkdwr4,7452.285714,729.1857143,1105.428571,7604065.429
2020-05-15 09:45:00,4135001,McdE0feGgRqW7Ca,7631.625,746.9625,1167.0,7160131.0
2020-05-15 09:45:00,4135001,1BY6WEcLGh8j5v7,6454.428571,632.3428571,991.4285714,6260550.429
2020-05-15 09:45:00,4135001,WRmjgnKYAwPKWDb,7901.285714,772.8,1117.0,7029790.0
2020-05-15 09:45:00,4135001,YxYtjZvoooNbGkE,7631.857143,746.8714286,1131.714286,7181097.714
2020-05-15 09:45:00,4135001,ZnxXDlPa8U1GXgE,7184.714286,703.3428571,1122.0,6523294.0
2020-05-15 09:45:00,4135001,VHMLBKoKgIrUVDU,7630.571429,746.7714286,1117.857143,7207525.857
2020-05-15 10:00:00,4135001,iCRJl6heRkivqQ3,9506.714286,928.4,1397.142857,7179389.143
2020-05-15 10:00:00,4135001,zBIq5rxdHJRwDNY,8889.142857,868.6571429,1391.571429,6340771.571
2020-05-15 10:00:00,4135001,z9Y9gH1T5YWrNuG,9893.285714,966.7428571,1357.714286,7009223.714
2020-05-15 10:00:00,4135001,wCURE6d3bPkepu2,8500.142857,831.5285714,1357.142857,6783955.143
2020-05-15 10:00:00,4135001,uHbuxQJl8lW7ozc,9905.857143,968.2428571,1394.428571,7040075.429
2020-05-15 10:00:00,4135001,sjndEbLyjtCKgGv,9505.285714,928.9285714,1395.0,7018227.0
2020-05-15 10:00:00,4135001,rGa61gmuvPhdLxV,9031.857143,882.7714286,1413.714286,7112906.714
2020-05-15 10:00:00,4135001,pkci93gMrogZuBj,9441.428571,922.8,1411.571429,7170513.571
2020-05-15 10:00:00,4135001,zVJPv84UY57bAof,9611.428571,939.4571429,970.4285714,7117121.429
2020-05-15 10:00:00,4135001,bvBOhCH3iADSZry,5785.125,567.0625,1173.25,6317976.25
2020-05-15 10:00:00,4135001,ih0vzX44oOqAx2f,7627.75,746.55,1342.625,6186536.857
2020-05-15 10:00:00,4135001,ZoEaEvLYb1n2sOq,8507.125,831.6875,1350.125,7099449.125
2020-05-15 10:00:00,4135001,1BY6WEcLGh8j5v7,6008.375,588.775,1161.25,6260720.25
2020-05-15 10:00:00,4135001,1IF53ai7Xc0U56Y,8567.0,837.2,1390.714286,6185035.714
2020-05-15 10:00:00,4135001,3PZuoBAID5Wc2HD,7384.625,722.0,1366.375,6989125.375
2020-05-15 10:00:00,4135001,7JYdWkrLSPkdwr4,7301.375,714.275,1327.0,7604287.0
2020-05-15 10:00:00,4135001,adLQvlD726eNBSB,8481.142857,828.9428571,1393.857143,6272748.857
2020-05-15 10:00:00,4135001,VHMLBKoKgIrUVDU,6739.5,659.9875,1324.625,7207732.625
2020-05-15 10:00:00,4135001,WRmjgnKYAwPKWDb,6619.25,648.275,1329.75,7030002.75
2020-05-15 10:00:00,4135001,YxYtjZvoooNbGkE,8841.375,864.175,1367.0,7181333.0
2020-05-15 10:00:00,4135001,ZnxXDlPa8U1GXgE,6873.0,673.025,1325.875,6523497.875
2020-05-15 10:00:00,4135001,McdE0feGgRqW7Ca,10005.42857,977.3142857,1405.571429,7160369.571
2020-05-15 10:15:00,4135001,zBIq5rxdHJRwDNY,7940.0,776.375,1551.75,6340931.75
2020-05-15 10:15:00,4135001,z9Y9gH1T5YWrNuG,6152.5,602.65,1558.0,7009424.0
2020-05-15 10:15:00,4135001,wCURE6d3bPkepu2,7232.75,707.6625,1535.25,6784133.25
2020-05-15 10:15:00,4135001,uHbuxQJl8lW7ozc,7079.0,692.7375,1584.375,7040265.375
2020-05-15 10:15:00,4135001,sjndEbLyjtCKgGv,8947.125,874.1625,1574.75,7018406.75
2020-05-15 10:15:00,4135001,rGa61gmuvPhdLxV,7055.5,690.925,1572.0,7113065.0
2020-05-15 10:15:00,4135001,pkci93gMrogZuBj,6130.125,600.675,1580.125,7170682.125
2020-05-15 10:15:00,4135001,ih0vzX44oOqAx2f,8989.0,878.55,1529.5,6186695.25
2020-05-15 10:15:00,4135001,iCRJl6heRkivqQ3,8047.5,786.9375,1572.75,7179564.75
2020-05-15 10:15:00,4135001,bvBOhCH3iADSZry,6173.285714,604.3857143,1311.142857,6318114.143
2020-05-15 10:15:00,4135001,zVJPv84UY57bAof,8342.25,815.8375,1158.0,7117309.0
2020-05-15 10:15:00,4135001,ZoEaEvLYb1n2sOq,7596.428571,742.7571429,1503.285714,7099602.286
2020-05-15 10:15:00,4135001,1BY6WEcLGh8j5v7,6637.285714,650.0285714,1307.571429,6260866.571
2020-05-15 10:15:00,4135001,1IF53ai7Xc0U56Y,6741.25,660.1625,1542.625,6185187.625
2020-05-15 10:15:00,4135001,3PZuoBAID5Wc2HD,5928.857143,581.1,1509.0,6989268.0
2020-05-15 10:15:00,4135001,7JYdWkrLSPkdwr4,6788.857143,664.5,1471.142857,7604431.143
2020-05-15 10:15:00,4135001,adLQvlD726eNBSB,6276.875,615.05,1542.0,6272897.0
2020-05-15 10:15:00,4135001,VHMLBKoKgIrUVDU,7024.857143,687.4571429,1471.285714,7207879.286
2020-05-15 10:15:00,4135001,WRmjgnKYAwPKWDb,6390.0,625.9142857,1466.428571,7030139.429
2020-05-15 10:15:00,4135001,YxYtjZvoooNbGkE,8140.0,796.1142857,1541.571429,7181507.571
2020-05-15 10:15:00,4135001,ZnxXDlPa8U1GXgE,7869.857143,769.8428571,1494.857143,6523666.857
2020-05-15 10:15:00,4135001,McdE0feGgRqW7Ca,7233.25,708.125,1596.125,7160560.125
2020-05-15 10:30:00,4135001,bvBOhCH3iADSZry,4439.875,435.7875,1454.625,6318257.625
2020-05-15 10:30:00,4135001,zBIq5rxdHJRwDNY,7030.857143,688.1428571,1756.857143,6341136.857
2020-05-15 10:30:00,4135001,z9Y9gH1T5YWrNuG,6128.714286,600.5,1718.285714,7009584.286
2020-05-15 10:30:00,4135001,wCURE6d3bPkepu2,5780.857143,566.4571429,1713.428571,6784311.429
2020-05-15 10:30:00,4135001,uHbuxQJl8lW7ozc,6439.0,630.7142857,1757.857143,7040438.857
2020-05-15 10:30:00,4135001,sjndEbLyjtCKgGv,6573.285714,643.7571429,1774.285714,7018606.286
2020-05-15 10:30:00,4135001,rGa61gmuvPhdLxV,7707.571429,753.6714286,1766.0,7113259.0
2020-05-15 10:30:00,4135001,pkci93gMrogZuBj,7577.428571,741.6857143,1765.571429,7170867.571
2020-05-15 10:30:00,4135001,ih0vzX44oOqAx2f,5035.6,493.74,1695.8,6186877.0
2020-05-15 10:30:00,4135001,iCRJl6heRkivqQ3,7315.714286,715.6571429,1782.285714,7179774.286
2020-05-15 10:30:00,4135001,zVJPv84UY57bAof,6484.714286,634.6142857,1351.714286,7117502.714
2020-05-15 10:30:00,4135001,adLQvlD726eNBSB,5257.571429,515.5714286,1712.428571,6273067.429
2020-05-15 10:30:00,4135001,ZnxXDlPa8U1GXgE,4820.428571,472.7571429,1657.571429,6523829.571
2020-05-15 10:30:00,4135001,ZoEaEvLYb1n2sOq,6197.875,606.7875,1692.625,7099791.625
2020-05-15 10:30:00,4135001,1BY6WEcLGh8j5v7,4399.75,431.875,1440.0,6260999.0
2020-05-15 10:30:00,4135001,1IF53ai7Xc0U56Y,5592.714286,548.2285714,1723.142857,6185368.143
2020-05-15 10:30:00,4135001,7JYdWkrLSPkdwr4,4893.0,479.8875,1634.125,7604594.125
2020-05-15 10:30:00,4135001,3PZuoBAID5Wc2HD,5319.857143,521.6,1661.857143,6989420.857
2020-05-15 10:30:00,4135001,VHMLBKoKgIrUVDU,4944.0,484.875,1636.0,7208044.0
2020-05-15 10:30:00,4135001,WRmjgnKYAwPKWDb,5174.285714,507.4,1606.285714,7030279.286
2020-05-15 10:30:00,4135001,YxYtjZvoooNbGkE,5977.25,585.625,1740.0,7181706.0
2020-05-15 10:30:00,4135001,McdE0feGgRqW7Ca,6013.285714,589.2571429,1782.428571,7160746.429
2020-05-15 10:45:00,4135001,zVJPv84UY57bAof,5388.375,528.1625,1505.25,7117656.25
2020-05-15 10:45:00,4135001,bvBOhCH3iADSZry,4342.428571,426.4285714,1564.0,6318367.0
2020-05-15 10:45:00,4135001,z9Y9gH1T5YWrNuG,6141.75,601.6125,1867.25,7009733.25
2020-05-15 10:45:00,4135001,wCURE6d3bPkepu2,5415.125,530.8375,1850.375,6784448.375
2020-05-15 10:45:00,4135001,uHbuxQJl8lW7ozc,6817.5,667.2,1930.375,7040611.375
2020-05-15 10:45:00,4135001,sjndEbLyjtCKgGv,4994.625,489.6625,1917.625,7018749.625
2020-05-15 10:45:00,4135001,rGa61gmuvPhdLxV,5240.375,513.8,1916.25,7113409.25
2020-05-15 10:45:00,4135001,pkci93gMrogZuBj,6211.875,608.1125,1936.75,7171038.75
2020-05-15 10:45:00,4135001,ih0vzX44oOqAx2f,4621.0,453.32,1822.4,6186996.429
2020-05-15 10:45:00,4135001,iCRJl6heRkivqQ3,5251.375,514.7625,1926.375,7179918.375
2020-05-15 10:45:00,4135001,zBIq5rxdHJRwDNY,5068.625,497.05,1895.125,6341275.125
2020-05-15 10:45:00,4135001,adLQvlD726eNBSB,4962.0,486.55,1842.5,6273197.5
2020-05-15 10:45:00,4135001,ZnxXDlPa8U1GXgE,4868.142857,477.3857143,1777.285714,6523949.286
2020-05-15 10:45:00,4135001,1BY6WEcLGh8j5v7,4360.571429,428.2285714,1549.0,6261108.0
2020-05-15 10:45:00,4135001,1IF53ai7Xc0U56Y,4895.125,480.05,1851.75,6185496.75
2020-05-15 10:45:00,4135001,3PZuoBAID5Wc2HD,4999.75,490.3875,1791.75,6989550.75
2020-05-15 10:45:00,4135001,7JYdWkrLSPkdwr4,4605.428571,452.0142857,1752.571429,7604712.571
2020-05-15 10:45:00,4135001,ZoEaEvLYb1n2sOq,4825.714286,473.4,1817.714286,7099916.714
2020-05-15 10:45:00,4135001,VHMLBKoKgIrUVDU,4794.714286,470.4428571,1760.142857,7208168.143
2020-05-15 10:45:00,4135001,WRmjgnKYAwPKWDb,4875.0,478.3375,1729.125,7030402.125
2020-05-15 10:45:00,4135001,YxYtjZvoooNbGkE,5081.142857,498.2714286,1866.428571,7181832.429
2020-05-15 10:45:00,4135001,McdE0feGgRqW7Ca,5362.5,525.6125,1929.25,7160893.25
2020-05-15 11:00:00,4135001,zBIq5rxdHJRwDNY,9982.0,974.4714286,2067.285714,6341447.286
2020-05-15 11:00:00,4135001,z9Y9gH1T5YWrNuG,9592.571429,937.3428571,2044.571429,7009910.571
2020-05-15 11:00:00,4135001,wCURE6d3bPkepu2,8641.428571,844.6428571,2018.857143,6784616.857
2020-05-15 11:00:00,4135001,uHbuxQJl8lW7ozc,10481.14286,1023.128571,2124.571429,7040805.571
2020-05-15 11:00:00,4135001,sjndEbLyjtCKgGv,9636.285714,941.3857143,2088.714286,7018920.714
2020-05-15 11:00:00,4135001,rGa61gmuvPhdLxV,10648.85714,1039.528571,2089.285714,7113582.286
2020-05-15 11:00:00,4135001,pkci93gMrogZuBj,10114.57143,987.3714286,2115.857143,7171217.857
2020-05-15 11:00:00,4135001,ih0vzX44oOqAx2f,8766.0,857.02,1947.4,6187135.833
2020-05-15 11:00:00,4135001,iCRJl6heRkivqQ3,10353.0,1010.628571,2092.714286,7180084.714
2020-05-15 11:00:00,4135001,bvBOhCH3iADSZry,7113.625,696.1375,1711.5,6318514.5
2020-05-15 11:00:00,4135001,zVJPv84UY57bAof,10284.28571,1004.314286,1689.285714,7117840.286
2020-05-15 11:00:00,4135001,ZoEaEvLYb1n2sOq,7970.875,779.3375,1983.375,7100082.375
2020-05-15 11:00:00,4135001,1BY6WEcLGh8j5v7,6829.5,668.725,1693.0,6261252.0
2020-05-15 11:00:00,4135001,1IF53ai7Xc0U56Y,8230.428571,804.9,2014.571429,6185659.571
2020-05-15 11:00:00,4135001,3PZuoBAID5Wc2HD,7337.428571,717.8714286,1949.571429,6989708.571
2020-05-15 11:00:00,4135001,7JYdWkrLSPkdwr4,7736.571429,756.7714286,1893.714286,7604853.714
2020-05-15 11:00:00,4135001,adLQvlD726eNBSB,7679.0,751.1714286,2006.285714,6273361.286
2020-05-15 11:00:00,4135001,VHMLBKoKgIrUVDU,7767.0,759.7857143,1907.0,7208315.0
2020-05-15 11:00:00,4135001,WRmjgnKYAwPKWDb,7080.428571,692.8,1877.571429,7030550.571
2020-05-15 11:00:00,4135001,YxYtjZvoooNbGkE,8608.75,841.525,2030.25,7181996.25
2020-05-15 11:00:00,4135001,ZnxXDlPa8U1GXgE,8656.428571,846.3142857,1937.0,6524109.0
2020-05-15 11:00:00,4135001,McdE0feGgRqW7Ca,10257.85714,1001.385714,2107.571429,7161071.571
2020-05-15 11:15:00,4135001,bvBOhCH3iADSZry,5902.428571,578.2571429,1865.285714,6318668.286
2020-05-15 11:15:00,4135001,zBIq5rxdHJRwDNY,8240.0,805.55,2271.375,6341651.375
2020-05-15 11:15:00,4135001,z9Y9gH1T5YWrNuG,10653.625,1039.7625,2303.25,7010169.25
2020-05-15 11:15:00,4135001,wCURE6d3bPkepu2,8375.375,819.0375,2234.875,6784832.875
2020-05-15 11:15:00,4135001,uHbuxQJl8lW7ozc,9303.75,909.3125,2371.0,7041052.0
2020-05-15 11:15:00,4135001,sjndEbLyjtCKgGv,7676.25,750.875,2305.375,7019137.375
2020-05-15 11:15:00,4135001,rGa61gmuvPhdLxV,8062.625,788.2375,2300.5,7113793.5
2020-05-15 11:15:00,4135001,pkci93gMrogZuBj,7711.375,754.05,2341.75,7171443.75
2020-05-15 11:15:00,4135001,ih0vzX44oOqAx2f,6663.333333,652.5333333,2166.333333,6187332.833
2020-05-15 11:15:00,4135001,iCRJl6heRkivqQ3,8474.625,828.3625,2313.375,7180305.375
2020-05-15 11:15:00,4135001,zVJPv84UY57bAof,8617.5,842.275,1922.25,7118073.25
2020-05-15 11:15:00,4135001,adLQvlD726eNBSB,5966.875,584.65,2176.75,6273531.75
2020-05-15 11:15:00,4135001,ZnxXDlPa8U1GXgE,6437.857143,630.5428571,2119.285714,6524291.286
2020-05-15 11:15:00,4135001,ZoEaEvLYb1n2sOq,6429.142857,629.4428571,2184.285714,7100283.286
2020-05-15 11:15:00,4135001,1BY6WEcLGh8j5v7,5969.0,584.7857143,1843.714286,6261402.714
2020-05-15 11:15:00,4135001,1IF53ai7Xc0U56Y,6082.375,595.925,2194.125,6185839.125
2020-05-15 11:15:00,4135001,7JYdWkrLSPkdwr4,6103.25,597.9,2064.875,7605024.875
2020-05-15 11:15:00,4135001,3PZuoBAID5Wc2HD,5851.75,573.425,2110.375,6989869.375
2020-05-15 11:15:00,4135001,VHMLBKoKgIrUVDU,6141.75,601.6875,2073.0,7208481.0
2020-05-15 11:15:00,4135001,WRmjgnKYAwPKWDb,5567.375,545.65,2031.0,7030704.0
2020-05-15 11:15:00,4135001,YxYtjZvoooNbGkE,7360.714286,720.1142857,2226.857143,7182192.857
2020-05-15 11:15:00,4135001,McdE0feGgRqW7Ca,8710.25,851.3375,2333.125,7161297.125
2020-05-15 11:30:00,4135001,zVJPv84UY57bAof,6598.428571,646.2142857,2111.285714,7118262.286
2020-05-15 11:30:00,4135001,zBIq5rxdHJRwDNY,7197.0,704.1142857,2453.0,6341833.0
2020-05-15 11:30:00,4135001,z9Y9gH1T5YWrNuG,5585.571429,547.4,2504.571429,7010370.571
2020-05-15 11:30:00,4135001,wCURE6d3bPkepu2,6061.428571,593.8142857,2421.0,6785019.0
2020-05-15 11:30:00,4135001,uHbuxQJl8lW7ozc,6970.571429,682.4428571,2584.428571,7041265.429
2020-05-15 11:30:00,4135001,sjndEbLyjtCKgGv,6705.285714,656.5714286,2483.428571,7019315.429
2020-05-15 11:30:00,4135001,rGa61gmuvPhdLxV,7697.0,752.6428571,2490.571429,7113983.571
2020-05-15 11:30:00,4135001,pkci93gMrogZuBj,7745.0,757.5714286,2539.142857,7171641.143
2020-05-15 11:30:00,4135001,ih0vzX44oOqAx2f,5802.142857,568.5714286,2316.857143,6187503.8
2020-05-15 11:30:00,4135001,iCRJl6heRkivqQ3,7060.285714,690.7571429,2502.428571,7180494.429
2020-05-15 11:30:00,4135001,bvBOhCH3iADSZry,7353.125,719.0625,2024.375,6318827.375
2020-05-15 11:30:00,4135001,ZoEaEvLYb1n2sOq,7285.125,712.775,2355.875,7100454.875
2020-05-15 11:30:00,4135001,1BY6WEcLGh8j5v7,6226.125,609.8625,1994.5,6261553.5
2020-05-15 11:30:00,4135001,1IF53ai7Xc0U56Y,7405.285714,724.4428571,2377.571429,6186022.571
2020-05-15 11:30:00,4135001,3PZuoBAID5Wc2HD,8226.857143,803.6714286,2295.857143,6990054.857
2020-05-15 11:30:00,4135001,7JYdWkrLSPkdwr4,7328.0,716.9285714,2242.0,7605202.0
2020-05-15 11:30:00,4135001,adLQvlD726eNBSB,8083.857143,790.2,2365.142857,6273720.143
2020-05-15 11:30:00,4135001,VHMLBKoKgIrUVDU,7761.142857,759.2142857,2252.285714,7208660.286
2020-05-15 11:30:00,4135001,WRmjgnKYAwPKWDb,8600.571429,840.0857143,2217.0,7030890.0
2020-05-15 11:30:00,4135001,YxYtjZvoooNbGkE,6340.5,621.0125,2394.875,7182360.875
2020-05-15 11:30:00,4135001,ZnxXDlPa8U1GXgE,6904.571429,676.0714286,2281.142857,6524453.143
2020-05-15 11:30:00,4135001,McdE0feGgRqW7Ca,6471.285714,633.8571429,2518.714286,7161482.714
2020-05-15 11:45:00,4135001,iCRJl6heRkivqQ3,6336.375,620.725,2659.75,7180651.75
2020-05-15 11:45:00,4135001,zBIq5rxdHJRwDNY,6566.125,643.1,2611.625,6341991.625
2020-05-15 11:45:00,4135001,z9Y9gH1T5YWrNuG,8481.285714,828.9,2652.428571,7010518.429
2020-05-15 11:45:00,4135001,wCURE6d3bPkepu2,8761.428571,855.9,2567.142857,6785165.143
2020-05-15 11:45:00,4135001,uHbuxQJl8lW7ozc,5704.375,559.0375,2748.25,7041429.25
2020-05-15 11:45:00,4135001,sjndEbLyjtCKgGv,6771.375,663.075,2640.0,7019472.0
2020-05-15 11:45:00,4135001,rGa61gmuvPhdLxV,5918.857143,579.9571429,2640.0,7114133.0
2020-05-15 11:45:00,4135001,pkci93gMrogZuBj,5973.5,585.3125,2703.0,7171805.0
2020-05-15 11:45:00,4135001,ih0vzX44oOqAx2f,7978.857143,780.2571429,2468.428571,6187662.25
2020-05-15 11:45:00,4135001,bvBOhCH3iADSZry,8394.428571,821.2285714,2185.142857,6318988.143
2020-05-15 11:45:00,4135001,zVJPv84UY57bAof,6012.0,589.0857143,2254.0,7118405.0
2020-05-15 11:45:00,4135001,ZoEaEvLYb1n2sOq,7008.0,686.2142857,2511.857143,7100610.857
2020-05-15 11:45:00,4135001,1BY6WEcLGh8j5v7,9420.285714,920.0428571,2155.0,6261714.0
2020-05-15 11:45:00,4135001,1IF53ai7Xc0U56Y,7959.0,778.4875,2544.375,6186189.375
2020-05-15 11:45:00,4135001,3PZuoBAID5Wc2HD,8749.375,855.275,2471.25,6990230.25
2020-05-15 11:45:00,4135001,7JYdWkrLSPkdwr4,7643.625,747.9125,2410.625,7605370.625
2020-05-15 11:45:00,4135001,adLQvlD726eNBSB,8465.375,827.575,2537.25,6273892.25
2020-05-15 11:45:00,4135001,VHMLBKoKgIrUVDU,8312.0,812.6625,2425.875,7208833.875
2020-05-15 11:45:00,4135001,WRmjgnKYAwPKWDb,8566.0,837.3625,2399.875,7031072.875
2020-05-15 11:45:00,4135001,YxYtjZvoooNbGkE,6878.428571,673.6285714,2552.857143,7182518.857
2020-05-15 11:45:00,4135001,ZnxXDlPa8U1GXgE,9124.625,891.1125,2454.5,6524626.5
2020-05-15 11:45:00,4135001,McdE0feGgRqW7Ca,8642.875,844.7375,2677.875,7161641.875
2020-05-15 12:00:00,4135001,bvBOhCH3iADSZry,7961.875,778.7875,2399.625,6319202.625
2020-05-15 12:00:00,4135001,zBIq5rxdHJRwDNY,6948.571429,680.3,2790.0,6342170.0
2020-05-15 12:00:00,4135001,z9Y9gH1T5YWrNuG,6646.125,650.7,2868.0,7010734.0
2020-05-15 12:00:00,4135001,wCURE6d3bPkepu2,6887.5,674.325,2782.625,6785380.625
2020-05-15 12:00:00,4135001,uHbuxQJl8lW7ozc,6011.428571,588.9857143,2898.714286,7041579.714
2020-05-15 12:00:00,4135001,sjndEbLyjtCKgGv,6353.428571,622.3,2826.857143,7019658.857
2020-05-15 12:00:00,4135001,rGa61gmuvPhdLxV,6543.125,640.8375,2797.375,7114290.375
2020-05-15 12:00:00,4135001,pkci93gMrogZuBj,6126.142857,600.1857143,2847.0,7171949.0
2020-05-15 12:00:00,4135001,ih0vzX44oOqAx2f,8629.0,843.2333333,2696.0,6187878.667
2020-05-15 12:00:00,4135001,iCRJl6heRkivqQ3,7039.285714,689.1714286,2838.571429,7180830.571
2020-05-15 12:00:00,4135001,zVJPv84UY57bAof,6880.875,673.6875,2432.25,7118583.25
2020-05-15 12:00:00,4135001,adLQvlD726eNBSB,6857.857143,671.0285714,2746.142857,6274101.143
2020-05-15 12:00:00,4135001,ZnxXDlPa8U1GXgE,7996.428571,782.1428571,2688.285714,6524860.286
2020-05-15 12:00:00,4135001,YxYtjZvoooNbGkE,8245.625,806.375,2745.625,7182711.625
2020-05-15 12:00:00,4135001,WRmjgnKYAwPKWDb,6951.428571,680.6428571,2605.714286,7031278.714
2020-05-15 12:00:00,4135001,VHMLBKoKgIrUVDU,7050.857143,690.1714286,2644.0,7209052.0
2020-05-15 12:00:00,4135001,McdE0feGgRqW7Ca,6201.714286,607.4428571,2888.714286,7161852.714
2020-05-15 12:00:00,4135001,7JYdWkrLSPkdwr4,6910.714286,676.5428571,2612.857143,7605572.857
